{
  "50": 21.45672631263733,
  "50": 38.037540674209595,
  "100": 59.07904267311096
}